-- phpMyAdmin SQL Dump
-- version 5.2.0
-- https://www.phpmyadmin.net/
--
-- Host: 127.0.0.1
-- Generation Time: Sep 11, 2023 at 09:32 AM
-- Server version: 10.4.24-MariaDB
-- PHP Version: 8.1.6

SET SQL_MODE = "NO_AUTO_VALUE_ON_ZERO";
START TRANSACTION;
SET time_zone = "+00:00";


/*!40101 SET @OLD_CHARACTER_SET_CLIENT=@@CHARACTER_SET_CLIENT */;
/*!40101 SET @OLD_CHARACTER_SET_RESULTS=@@CHARACTER_SET_RESULTS */;
/*!40101 SET @OLD_COLLATION_CONNECTION=@@COLLATION_CONNECTION */;
/*!40101 SET NAMES utf8mb4 */;

--
-- Database: `newgpt`
--

-- --------------------------------------------------------

--
-- Table structure for table `attendance`
--

CREATE TABLE `attendance` (
  `subject` varchar(20) NOT NULL,
  `teacher` varchar(20) NOT NULL,
  `student` varchar(20) NOT NULL,
  `present` tinyint(1) NOT NULL,
  `date` date NOT NULL DEFAULT current_timestamp()
) ENGINE=InnoDB DEFAULT CHARSET=utf8mb4;

--
-- Dumping data for table `attendance`
--

INSERT INTO `attendance` (`subject`, `teacher`, `student`, `present`, `date`) VALUES
('20CS01', '109CS13', '109CS2001', 0, '2023-09-11'),
('20CS01', '109CS13', '109CS2001', 1, '2023-09-11'),
('20CS01', '109CS13', '109CS2002', 0, '2023-09-11'),
('20CS01', '109CS13', '109CS2003', 1, '2023-09-11'),
('20CS01', '109CS13', '109CS2004', 1, '2023-09-11'),
('20CS01', '109CS13', '109CS2005', 0, '2023-09-11'),
('20CS01', '109CS13', '109CS2006', 1, '2023-09-11'),
('20CS01', '109CS13', '109CS2007', 1, '2023-09-11'),
('20CS01', '109CS13', '109CS2008', 0, '2023-09-11');

-- --------------------------------------------------------

--
-- Table structure for table `branch`
--

CREATE TABLE `branch` (
  `name` varchar(6) NOT NULL
) ENGINE=InnoDB DEFAULT CHARSET=utf8mb4;

-- --------------------------------------------------------

--
-- Table structure for table `iamarks`
--

CREATE TABLE `iamarks` (
  `student` varchar(20) NOT NULL,
  `sem` int(1) NOT NULL,
  `subject` varchar(20) NOT NULL,
  `marks` longtext CHARACTER SET utf8mb4 COLLATE utf8mb4_bin NOT NULL CHECK (json_valid(`marks`))
) ENGINE=InnoDB DEFAULT CHARSET=utf8mb4;

--
-- Dumping data for table `iamarks`
--

INSERT INTO `iamarks` (`student`, `sem`, `subject`, `marks`) VALUES
('1092001', 1, '20CS01', '[3,97]'),
('1092002', 1, '20CS01', '[34,39]'),
('10982003', 1, '20CS01', '[57,43]');

-- --------------------------------------------------------

--
-- Table structure for table `otps`
--

CREATE TABLE `otps` (
  `email` varchar(150) NOT NULL,
  `otp` int(6) NOT NULL
) ENGINE=InnoDB DEFAULT CHARSET=utf8mb4;

--
-- Dumping data for table `otps`
--

INSERT INTO `otps` (`email`, `otp`) VALUES
('fakeuser595@gmail.com', 123456);

-- --------------------------------------------------------

--
-- Table structure for table `results`
--

CREATE TABLE `results` (
  `reg` varchar(20) NOT NULL,
  `exam` varchar(100) NOT NULL,
  `marks` longtext CHARACTER SET utf8mb4 COLLATE utf8mb4_bin NOT NULL CHECK (json_valid(`marks`))
) ENGINE=InnoDB DEFAULT CHARSET=utf8mb4;

-- --------------------------------------------------------

--
-- Table structure for table `students`
--

CREATE TABLE `students` (
  `regno` varchar(20) NOT NULL,
  `sem` varchar(1) NOT NULL
) ENGINE=InnoDB DEFAULT CHARSET=utf8mb4;

--
-- Dumping data for table `students`
--

INSERT INTO `students` (`regno`, `sem`) VALUES
('109CS2001', '1'),
('109CS20010', '1'),
('109CS20011', '1'),
('109CS20012', '1'),
('109CS20013', '2'),
('109CS20014', '2'),
('109CS20015', '1'),
('109CS20016', '4'),
('109CS20017', '6'),
('109CS20018', '6'),
('109CS20019', '3'),
('109CS2002', '1'),
('109CS20020', '3'),
('109CS20021', '1'),
('109CS20022', '2'),
('109CS20023', '6'),
('109CS20024', '2'),
('109CS20025', '6'),
('109CS20026', '1'),
('109CS20027', '4'),
('109CS20028', '5'),
('109CS20029', '4'),
('109CS2003', '1'),
('109CS20030', '4'),
('109CS20031', '3'),
('109CS20032', '4'),
('109CS20033', '4'),
('109CS20034', '3'),
('109CS20035', '4'),
('109CS20036', '3'),
('109CS20037', '2'),
('109CS20038', '2'),
('109CS20039', '3'),
('109CS2004', '5'),
('109CS20040', '1'),
('109CS20041', '6'),
('109CS20042', '5'),
('109CS20043', '1'),
('109CS20044', '6'),
('109CS20045', '3'),
('109CS20046', '4'),
('109CS20047', '2'),
('109CS20048', '5'),
('109CS20049', '4'),
('109CS2005', '1'),
('109CS20050', '6'),
('109CS20051', '5'),
('109CS20052', '2'),
('109CS20053', '5'),
('109CS20054', '1'),
('109CS20055', '6'),
('109CS20056', '3'),
('109CS20057', '1'),
('109CS20058', '2'),
('109CS20058i', '1'),
('109CS20059', '3'),
('109CS2006', '2'),
('109CS20060', '6'),
('109CS2007', '4'),
('109CS2008', '6'),
('109CS2009', '2'),
('109CV2001', '1'),
('109CV20010', '3'),
('109CV20011', '3'),
('109CV20012', '2'),
('109CV20013', '6'),
('109CV20014', '4'),
('109CV20015', '1'),
('109CV20016', '1'),
('109CV20017', '5'),
('109CV20018', '6'),
('109CV20019', '3'),
('109CV2002', '4'),
('109CV20020', '2'),
('109CV20021', '5'),
('109CV20022', '3'),
('109CV20023', '3'),
('109CV20024', '3'),
('109CV20025', '3'),
('109CV20026', '4'),
('109CV20027', '5'),
('109CV20028', '6'),
('109CV20029', '5'),
('109CV2003', '4'),
('109CV20030', '3'),
('109CV20031', '6'),
('109CV20032', '6'),
('109CV20033', '4'),
('109CV20034', '6'),
('109CV20035', '1'),
('109CV20036', '5'),
('109CV20037', '5'),
('109CV20038', '4'),
('109CV20039', '4'),
('109CV2004', '1'),
('109CV20040', '2'),
('109CV20041', '5'),
('109CV20042', '6'),
('109CV20043', '2'),
('109CV20044', '3'),
('109CV20045', '4'),
('109CV20046', '3'),
('109CV20047', '1'),
('109CV20048', '1'),
('109CV20049', '1'),
('109CV2005', '5'),
('109CV20050', '6'),
('109CV20051', '3'),
('109CV20052', '1'),
('109CV20053', '3'),
('109CV20054', '6'),
('109CV20055', '2'),
('109CV20056', '1'),
('109CV20057', '2'),
('109CV20058', '6'),
('109CV20059', '5'),
('109CV2006', '3'),
('109CV20060', '4'),
('109CV2007', '3'),
('109CV2008', '4'),
('109CV2009', '1'),
('109EC2001', '6'),
('109EC20010', '5'),
('109EC20011', '1'),
('109EC20012', '1'),
('109EC20013', '6'),
('109EC20014', '6'),
('109EC20015', '1'),
('109EC20016', '5'),
('109EC20017', '1'),
('109EC20018', '6'),
('109EC20019', '6'),
('109EC2002', '5'),
('109EC20020', '1'),
('109EC20021', '2'),
('109EC20022', '4'),
('109EC20023', '3'),
('109EC20024', '1'),
('109EC20025', '4'),
('109EC20026', '3'),
('109EC20027', '4'),
('109EC20028', '5'),
('109EC20029', '3'),
('109EC2003', '2'),
('109EC20030', '2'),
('109EC20031', '2'),
('109EC20032', '5'),
('109EC20033', '3'),
('109EC20034', '4'),
('109EC20035', '4'),
('109EC20036', '4'),
('109EC20037', '3'),
('109EC20038', '6'),
('109EC20039', '3'),
('109EC2004', '2'),
('109EC20040', '2'),
('109EC20041', '4'),
('109EC20042', '6'),
('109EC20043', '4'),
('109EC20044', '5'),
('109EC20045', '5'),
('109EC20046', '5'),
('109EC20047', '1'),
('109EC20048', '3'),
('109EC20049', '4'),
('109EC2005', '6'),
('109EC20050', '2'),
('109EC20051', '1'),
('109EC20052', '3'),
('109EC20053', '3'),
('109EC20054', '2'),
('109EC20055', '2'),
('109EC20056', '5'),
('109EC20057', '4'),
('109EC20058', '1'),
('109EC20059', '5'),
('109EC2006', '5'),
('109EC20060', '4'),
('109EC2007', '3'),
('109EC2008', '3'),
('109EC2009', '1'),
('109EE2001', '1'),
('109EE20010', '2'),
('109EE20011', '2'),
('109EE20012', '1'),
('109EE20013', '2'),
('109EE20014', '3'),
('109EE20015', '6'),
('109EE20016', '1'),
('109EE20017', '2'),
('109EE20018', '5'),
('109EE20019', '4'),
('109EE2002', '2'),
('109EE20020', '5'),
('109EE20021', '4'),
('109EE20022', '4'),
('109EE20023', '2'),
('109EE20024', '6'),
('109EE20025', '2'),
('109EE20026', '3'),
('109EE20027', '1'),
('109EE20028', '2'),
('109EE20029', '6'),
('109EE2003', '3'),
('109EE20030', '4'),
('109EE20031', '2'),
('109EE20032', '4'),
('109EE20033', '1'),
('109EE20034', '5'),
('109EE20035', '4'),
('109EE20036', '4'),
('109EE20037', '6'),
('109EE20038', '6'),
('109EE20039', '1'),
('109EE2004', '4'),
('109EE20040', '1'),
('109EE20041', '3'),
('109EE20042', '4'),
('109EE20043', '5'),
('109EE20044', '3'),
('109EE20045', '3'),
('109EE20046', '5'),
('109EE20047', '1'),
('109EE20048', '1'),
('109EE20049', '3'),
('109EE2005', '5'),
('109EE20050', '3'),
('109EE20051', '5'),
('109EE20052', '1'),
('109EE20053', '2'),
('109EE20054', '6'),
('109EE20055', '2'),
('109EE20056', '6'),
('109EE20057', '5'),
('109EE20058', '1'),
('109EE20059', '5'),
('109EE2006', '1'),
('109EE20060', '6'),
('109EE2007', '4'),
('109EE2008', '6'),
('109EE2009', '4'),
('109IS2001', '1'),
('109IS20010', '5'),
('109IS20011', '3'),
('109IS20012', '2'),
('109IS20013', '2'),
('109IS20014', '5'),
('109IS20015', '4'),
('109IS20016', '3'),
('109IS20017', '5'),
('109IS20018', '4'),
('109IS20019', '2'),
('109IS2002', '2'),
('109IS20020', '4'),
('109IS20021', '1'),
('109IS20022', '5'),
('109IS20023', '5'),
('109IS20024', '6'),
('109IS20025', '6'),
('109IS20026', '2'),
('109IS20027', '5'),
('109IS20028', '1'),
('109IS20029', '2'),
('109IS2003', '5'),
('109IS20030', '3'),
('109IS20031', '3'),
('109IS20032', '4'),
('109IS20033', '4'),
('109IS20034', '2'),
('109IS20035', '5'),
('109IS20036', '2'),
('109IS20037', '2'),
('109IS20038', '4'),
('109IS20039', '4'),
('109IS2004', '5'),
('109IS20040', '1'),
('109IS20041', '1'),
('109IS20042', '3'),
('109IS20043', '3'),
('109IS20044', '3'),
('109IS20045', '6'),
('109IS20046', '6'),
('109IS20047', '2'),
('109IS20048', '3'),
('109IS20049', '2'),
('109IS2005', '3'),
('109IS20050', '1'),
('109IS20051', '1'),
('109IS20052', '4'),
('109IS20053', '5'),
('109IS20054', '2'),
('109IS20055', '1'),
('109IS20056', '6'),
('109IS20057', '5'),
('109IS20058', '5'),
('109IS20059', '1'),
('109IS2006', '2'),
('109IS20060', '4'),
('109IS2007', '3'),
('109IS2008', '4'),
('109IS2009', '6'),
('109ME2001', '5'),
('109ME20010', '3'),
('109ME20011', '6'),
('109ME20012', '3'),
('109ME20013', '5'),
('109ME20014', '1'),
('109ME20015', '5'),
('109ME20016', '4'),
('109ME20017', '6'),
('109ME20018', '1'),
('109ME20019', '4'),
('109ME2002', '3'),
('109ME20020', '3'),
('109ME20021', '4'),
('109ME20022', '4'),
('109ME20023', '2'),
('109ME20024', '3'),
('109ME20025', '2'),
('109ME20026', '5'),
('109ME20027', '1'),
('109ME20028', '1'),
('109ME20029', '3'),
('109ME2003', '5'),
('109ME20030', '3'),
('109ME20031', '5'),
('109ME20032', '6'),
('109ME20033', '1'),
('109ME20034', '5'),
('109ME20035', '6'),
('109ME20036', '5'),
('109ME20037', '1'),
('109ME20038', '1'),
('109ME20039', '4'),
('109ME2004', '2'),
('109ME20040', '4'),
('109ME20041', '3'),
('109ME20042', '3'),
('109ME20043', '4'),
('109ME20044', '2'),
('109ME20045', '1'),
('109ME20046', '6'),
('109ME20047', '1'),
('109ME20048', '2'),
('109ME20049', '6'),
('109ME2005', '2'),
('109ME20050', '4'),
('109ME20051', '6'),
('109ME20052', '3'),
('109ME20053', '3'),
('109ME20054', '5'),
('109ME20055', '5'),
('109ME20056', '3'),
('109ME20057', '4'),
('109ME20058', '4'),
('109ME20059', '6'),
('109ME2006', '1'),
('109ME20060', '2'),
('109ME2007', '2'),
('109ME2008', '6'),
('109ME2009', '4'),
('KN4259', '1'),
('KN4259n', '4');

-- --------------------------------------------------------

--
-- Table structure for table `subjectalloted`
--

CREATE TABLE `subjectalloted` (
  `sub` varchar(20) NOT NULL,
  `teacher` varchar(20) NOT NULL,
  `sem` varchar(1) NOT NULL,
  `branch` varchar(10) NOT NULL
) ENGINE=InnoDB DEFAULT CHARSET=utf8mb4;

--
-- Dumping data for table `subjectalloted`
--

INSERT INTO `subjectalloted` (`sub`, `teacher`, `sem`, `branch`) VALUES
('20CS01', '109CS13', '1', 'CS'),
('20CS05', '109CS144', '1', 'CS'),
('20CS02', '109CS20', '1', 'CS'),
('20CS06', '109CS200', '2', 'CS'),
('20CS04', 'KN4259n', '1', 'CS');

-- --------------------------------------------------------

--
-- Table structure for table `subjects`
--

CREATE TABLE `subjects` (
  `name` varchar(50) NOT NULL,
  `code` varchar(20) NOT NULL,
  `sem` varchar(1) NOT NULL,
  `branch` varchar(10) NOT NULL
) ENGINE=InnoDB DEFAULT CHARSET=utf8mb4;

--
-- Dumping data for table `subjects`
--

INSERT INTO `subjects` (`name`, `code`, `sem`, `branch`) VALUES
('Fundamentals of Computing', '20CS01', '1', 'CS'),
('Programming Concepts and Techniques', '20CS02', '1', 'CS'),
('Mathematics for Computer Science', '20CS03', '1', 'CS'),
('Computer Organization and Architecture', '20CS04', '1', 'CS'),
('Data Structures and Algorithms', '20CS05', '1', 'CS'),
('Object-Oriented Programming', '20CS06', '2', 'CS'),
('Digital Electronics and Logic Design', '20CS07', '2', 'CS'),
('Discrete Mathematics', '20CS08', '2', 'CS'),
('Database Management Systems', '20CS09', '2', 'CS'),
('Computer Networks', '20CS10', '2', 'CS'),
('Operating Systems', '20CS11', '3', 'CS'),
('Web Technologies', '20CS12', '3', 'CS'),
('Design and Analysis of Algorithms', '20CS13', '3', 'CS'),
('Computer Graphics and Multimedia', '20CS14', '3', 'CS'),
('Microprocessors and Interfacing', '20CS15', '3', 'CS'),
('Software Engineering', '20CS16', '4', 'CS'),
('Data Warehousing and Data Mining', '20CS17', '4', 'CS'),
('Artificial Intelligence and Expert Systems', '20CS18', '4', 'CS'),
('Programming with Java', '20CS19', '4', 'CS'),
('Cloud Computing', '20CS20', '4', 'CS'),
('Advanced Database Management Systems', '20CS21', '5', 'CS'),
('Network Security', '20CS22', '5', 'CS'),
('Software Testing and Quality Assurance', '20CS23', '5', 'CS'),
('Big Data Analytics', '20CS24', '5', 'CS'),
('Mobile Application Development', '20CS25', '5', 'CS'),
('Internet of Things', '20CS26', '6', 'CS'),
('Cloud Infrastructure Management', '20CS27', '6', 'CS'),
('Machine Learning', '20CS28', '6', 'CS'),
('Blockchain Technology', '20CS29', '6', 'CS'),
('Project Work', '20CS30', '6', 'CS'),
('Engineering Mathematics I', '20CV01', '1', 'CV'),
('Engineering Physics', '20CV02', '1', 'CV'),
('Engineering Chemistry', '20CV03', '1', 'CV'),
('Engineering Mechanics', '20CV04', '1', 'CV'),
('Introduction to Programming in C', '20CV05', '1', 'CV'),
('Engineering Mathematics II', '20CV06', '2', 'CV'),
('Engineering Drawing', '20CV07', '2', 'CV'),
('Building Technology and Materials', '20CV08', '2', 'CV'),
('Surveying I', '20CV09', '2', 'CV'),
('Fluid Mechanics I', '20CV10', '2', 'CV'),
('Engineering Mathematics III', '20CV11', '3', 'CV'),
('Strength of Materials I', '20CV12', '3', 'CV'),
('Building Planning and Design', '20CV13', '3', 'CV'),
('Surveying II', '20CV14', '3', 'CV'),
('Fluid Mechanics II', '20CV15', '3', 'CV'),
('Structural Analysis I', '20CV16', '4', 'CV'),
('Building Construction I', '20CV17', '4', 'CV'),
('Geotechnical Engineering I', '20CV18', '4', 'CV'),
('Water Supply Engineering', '20CV19', '4', 'CV'),
('Environmental Engineering I', '20CV20', '4', 'CV'),
('Design of Reinforced Concrete Structures', '20CV21', '5', 'CV'),
('Building Construction II', '20CV22', '5', 'CV'),
('Geotechnical Engineering II', '20CV23', '5', 'CV'),
('Transportation Engineering I', '20CV24', '5', 'CV'),
('Environmental Engineering II', '20CV25', '5', 'CV'),
('Design of Steel Structures', '20CV26', '6', 'CV'),
('Construction Management and Entrepreneurship', '20CV27', '6', 'CV'),
('Transportation Engineering II', '20CV28', '6', 'CV'),
('Geomatics Engineering', '20CV29', '6', 'CV'),
('Open Elective I', '20CV30', '6', 'CV'),
('Engineering Mathematics I', '20EC01', '1', 'EC'),
('Engineering Physics', '20EC02', '1', 'EC'),
('Engineering Chemistry', '20EC03', '1', 'EC'),
('Basic Electrical Engineering', '20EC04', '1', 'EC'),
('Introduction to Programming in C', '20EC05', '1', 'EC'),
('Engineering Mathematics II', '20EC06', '2', 'EC'),
('Engineering Mechanics', '20EC07', '2', 'EC'),
('Engineering Drawing', '20EC08', '2', 'EC'),
('Basic Electronics Engineering', '20EC09', '2', 'EC'),
('Programming in C and Data Structures', '20EC10', '2', 'EC'),
('Electronic Devices and Circuits', '20EC11', '3', 'EC'),
('Network Analysis', '20EC12', '3', 'EC'),
('Analog Electronic Circuits', '20EC13', '3', 'EC'),
('Digital Electronics', '20EC14', '3', 'EC'),
('Signals and Systems', '20EC15', '3', 'EC'),
('Control Systems', '20EC16', '4', 'EC'),
('Electronic Instrumentation', '20EC17', '4', 'EC'),
('Communication Engineering I', '20EC18', '4', 'EC'),
('Electromagnetic Field Theory', '20EC19', '4', 'EC'),
('Linear Integrated Circuits', '20EC20', '4', 'EC'),
('Digital Signal Processing', '20EC21', '5', 'EC'),
('Microcontrollers and Applications', '20EC22', '5', 'EC'),
('Communication Engineering II', '20EC23', '5', 'EC'),
('VLSI Design', '20EC24', '5', 'EC'),
('Control Systems II', '20EC25', '5', 'EC'),
('Computer Organization and Architecture', '20EC26', '6', 'EC'),
('Digital Communication', '20EC27', '6', 'EC'),
('Power Electronics', '20EC28', '6', 'EC'),
('Radar and Navigational Aids', '20EC29', '6', 'EC'),
('Optical Communication', '20EC30', '6', 'EC'),
('Engineering Mathematics I', '20EE01', '1', 'EE'),
('Engineering Physics', '20EE02', '1', 'EE'),
('Engineering Chemistry', '20EE03', '1', 'EE'),
('Basic Electrical Engineering', '20EE04', '1', 'EE'),
('Introduction to Programming in C', '20EE05', '1', 'EE'),
('Engineering Mathematics II', '20EE06', '2', 'EE'),
('Engineering Mechanics', '20EE07', '2', 'EE'),
('Engineering Drawing', '20EE08', '2', 'EE'),
('Basic Electronics Engineering', '20EE09', '2', 'EE'),
('Programming in C and Data Structures', '20EE10', '2', 'EE'),
('Probability and Random Processes', '20EE11', '3', 'EE'),
('Electrical Circuit Analysis', '20EE12', '3', 'EE'),
('Electromagnetic Theory', '20EE13', '3', 'EE'),
('Signals and Systems', '20EE14', '3', 'EE'),
('Electronic Circuits', '20EE15', '3', 'EE'),
('Control Systems', '20EE16', '4', 'EE'),
('Power Systems I', '20EE17', '4', 'EE'),
('Analog and Digital Communication', '20EE18', '4', 'EE'),
('Electric Machines', '20EE19', '4', 'EE'),
('Power Electronics', '20EE20', '4', 'EE'),
('Microprocessors and Microcontrollers', '20EE21', '5', 'EE'),
('Power Systems II', '20EE22', '5', 'EE'),
('Renewable Energy Sources', '20EE23', '5', 'EE'),
('Digital Signal Processing', '20EE24', '5', 'EE'),
('Advanced Control Systems', '20EE25', '5', 'EE'),
('High Voltage Engineering', '20EE26', '6', 'EE'),
('Electric Drives and Control', '20EE27', '6', 'EE'),
('Electrical Power Utilization and Illumination', '20EE28', '6', 'EE'),
('Digital Image Processing', '20EE29', '6', 'EE'),
('Project Work', '20EE30', '6', 'EE'),
('Fundamentals of Computing', '20IS01', '1', 'IS'),
('Programming Concepts and Techniques', '20IS02', '1', 'IS'),
('Mathematics for Computer Science', '20IS03', '1', 'IS'),
('Computer Organization and Architecture', '20IS04', '1', 'IS'),
('Data Structures and Algorithms', '20IS05', '1', 'IS'),
('Object-Oriented Programming', '20IS06', '2', 'IS'),
('Digital Electronics and Logic Design', '20IS07', '2', 'IS'),
('Discrete Mathematics', '20IS08', '2', 'IS'),
('Database Management Systems', '20IS09', '2', 'IS'),
('Computer Networks', '20IS10', '2', 'IS'),
('Operating Systems', '20IS11', '3', 'IS'),
('Web Technologies', '20IS12', '3', 'IS'),
('Design and Analysis of Algorithms', '20IS13', '3', 'IS'),
('Computer Graphics and Multimedia', '20IS14', '3', 'IS'),
('Microprocessors and Interfacing', '20IS15', '3', 'IS'),
('Software Engineering', '20IS16', '4', 'IS'),
('Data Warehousing and Data Mining', '20IS17', '4', 'IS'),
('Artificial Intelligence and Expert Systems', '20IS18', '4', 'IS'),
('Programming with Java', '20IS19', '4', 'IS'),
('Cloud Computing', '20IS20', '4', 'IS'),
('Advanced Database Management Systems', '20IS21', '5', 'IS'),
('Network Security', '20IS22', '5', 'IS'),
('Software Testing and Quality Assurance', '20IS23', '5', 'IS'),
('Big Data Analytics', '20IS24', '5', 'IS'),
('Mobile Application Development', '20IS25', '5', 'IS'),
('Internet of Things', '20IS26', '6', 'IS'),
('Cloud Infrastructure Management', '20IS27', '6', 'IS'),
('Machine Learning', '20IS28', '6', 'IS'),
('Blockchain Technology', '20IS29', '6', 'IS'),
('Project Work', '20IS30', '6', 'IS'),
('Engineering Mathematics I', '20ME01', '1', 'ME'),
('Engineering Physics', '20ME02', '1', 'ME'),
('Engineering Chemistry', '20ME03', '1', 'ME'),
('Engineering Mechanics', '20ME04', '1', 'ME'),
('Introduction to Programming in C', '20ME05', '1', 'ME'),
('Engineering Mathematics II', '20ME06', '2', 'ME'),
('Engineering Drawing', '20ME07', '2', 'ME'),
('Basic Electrical and Electronics Engineering', '20ME08', '2', 'ME'),
('Thermodynamics', '20ME09', '2', 'ME'),
('Mechanics of Materials', '20ME10', '2', 'ME'),
('Engineering Mathematics III', '20ME11', '3', 'ME'),
('Kinematics of Machinery', '20ME12', '3', 'ME'),
('Fluid Mechanics', '20ME13', '3', 'ME'),
('Manufacturing Technology I', '20ME14', '3', 'ME'),
('Material Science and Metallurgy', '20ME15', '3', 'ME'),
('Design of Machine Elements I', '20ME16', '4', 'ME'),
('Thermal Engineering I', '20ME17', '4', 'ME'),
('Manufacturing Technology II', '20ME18', '4', 'ME'),
('Mechatronics', '20ME19', '4', 'ME'),
('Open Elective I', '20ME20', '4', 'ME'),
('Design of Machine Elements II', '20ME21', '5', 'ME'),
('Thermal Engineering II', '20ME22', '5', 'ME'),
('Dynamics of Machinery', '20ME23', '5', 'ME'),
('Industrial Engineering and Management', '20ME24', '5', 'ME'),
('Open Elective II', '20ME25', '5', 'ME'),
('Automotive Engineering', '20ME26', '6', 'ME'),
('Finite Element Analysis', '20ME27', '6', 'ME'),
('Power Plant Engineering', '20ME28', '6', 'ME'),
('Refrigeration and Air Conditioning', '20ME29', '6', 'ME'),
('Open Elective III', '20ME30', '6', 'ME');

-- --------------------------------------------------------

--
-- Table structure for table `users`
--

CREATE TABLE `users` (
  `userid` varchar(20) NOT NULL,
  `fullname` varchar(50) NOT NULL,
  `mobile` varchar(13) NOT NULL,
  `email` varchar(60) NOT NULL,
  `userPassword` varchar(200) NOT NULL DEFAULT 'default',
  `userRole` varchar(20) NOT NULL,
  `branch` varchar(6) NOT NULL
) ENGINE=InnoDB DEFAULT CHARSET=utf8mb4;

--
-- Dumping data for table `users`
--

INSERT INTO `users` (`userid`, `fullname`, `mobile`, `email`, `userPassword`, `userRole`, `branch`) VALUES
('109CS13', 'Lloyd O\' Finan', '6873031863', 'fakeuser595@gmail.com', '$2b$10$TkP0Fnxt/p48aBXP22igdun.mrLUkJLFFVgn.mQcpn0StTL00EcRi', 'FACULTY', 'CS'),
('109CS144', 'Glynnis Labuschagne', '9785790130', 'glabuschagne0@mlb.com', 'default', 'FACULTY', 'CS'),
('109CS20', 'Gawain Polk', '8389319774', 'gpolk0@nyu.edu', 'EzTPEM', 'HOD', 'CS'),
('109CS200', 'Ardyth Hurring', '8725320965', 'ahurring2@alexa.com', 'z1M8th', 'FACULTY', 'CS'),
('109CS2001', 'Shurlock Paskin', '8035418583', 'spaskin0@wikia.com', 'XpxoOGcUFent', 'STUDENT', 'CS'),
('109CS20010', 'Juditha Waghorn', '7604646729', 'jwaghorn9@diigo.com', 'YI0AFeV', 'STUDENT', 'CS'),
('109CS20011', 'Joana Crocker', '7597982945', 'jcrockera@blinklist.com', 'dczIHHVFQ5S', 'STUDENT', 'CS'),
('109CS20012', 'Gardner Brailey', '8772887705', 'gbraileyb@nymag.com', 'mdtVmMa', 'STUDENT', 'CS'),
('109CS20013', 'Amil Fireman', '8319992692', 'afiremanc@howstuffworks.com', 'TVko7V51Tt', 'STUDENT', 'CS'),
('109CS20014', 'Frieda Blockwell', '9456571177', 'fblockwelld@yelp.com', 'GuPV4dxzeNVC', 'STUDENT', 'CS'),
('109CS20015', 'Selia Gyver', '8187430642', 'sgyvere@lulu.com', 'DmexjbuH', 'STUDENT', 'CS'),
('109CS20016', 'Dulcinea Larsen', '6646738674', 'dlarsenf@independent.co.uk', 'lH1l9SJ6zwzN', 'STUDENT', 'CS'),
('109CS20017', 'Antoinette Buckbee', '8851274256', 'abuckbeeg@cbslocal.com', 'bRfIuMJCop', 'STUDENT', 'CS'),
('109CS20018', 'Berri Eatttok', '8529098851', 'beatttokh@wikia.com', 'ZA1B3ok', 'STUDENT', 'CS'),
('109CS20019', 'Rolph Greystock', '7448520960', 'rgreystocki@japanpost.jp', 'ugWzgV', 'STUDENT', 'CS'),
('109CS2002', 'Elmira Tabord', '6732609293', 'etabord1@oakley.com', 'MY0bWo4C1XM', 'STUDENT', 'CS'),
('109CS20020', 'Desdemona Hoggan', '7170356549', 'dhogganj@tripod.com', 'moXInCKyY', 'STUDENT', 'CS'),
('109CS20021', 'Moise Tillett', '8911861453', 'mtillettk@aboutads.info', '7S8Sqew2', 'STUDENT', 'CS'),
('109CS20022', 'Angelique Wadham', '7731353635', 'awadhaml@umich.edu', 'BNDzfHS1GvQ5', 'STUDENT', 'CS'),
('109CS20023', 'Abby Woodage', '9407902057', 'awoodagem@google.co.uk', 'MQjRvuZNN', 'STUDENT', 'CS'),
('109CS20024', 'Stacy de Clercq', '8445343788', 'sden@domainmarket.com', 'vFbxWGTvTo', 'STUDENT', 'CS'),
('109CS20025', 'Lombard Grzegorzewski', '8726231461', 'lgrzegorzewskio@amazon.de', '207UqMc2xY', 'STUDENT', 'CS'),
('109CS20026', 'Lila Leban', '7809962842', 'llebanp@zimbio.com', 'ZRG8w2', 'STUDENT', 'CS'),
('109CS20027', 'Renault Forson', '8904502704', 'rforsonq@sohu.com', 'v9GWgDNRvy5N', 'STUDENT', 'CS'),
('109CS20028', 'Sherill MacTrustrie', '9778963976', 'smactrustrier@nih.gov', 'C9Gq6X', 'STUDENT', 'CS'),
('109CS20029', 'Barbi Oubridge', '8027865081', 'boubridges@phoca.cz', 'ULUsHi8G', 'STUDENT', 'CS'),
('109CS2003', 'Koenraad Paal', '9645256643', 'kpaal2@hugedomains.com', 'h1ISfhBO2gD', 'STUDENT', 'CS'),
('109CS20030', 'Blake Eldredge', '6960294135', 'beldredget@marketwatch.com', '5vZ5s3Ld35QG', 'STUDENT', 'CS'),
('109CS20031', 'Brigitta Livezley', '9046107799', 'blivezleyu@desdev.cn', 'CDu6csGYszo8', 'STUDENT', 'CS'),
('109CS20032', 'Wilow Arnaud', '9047496006', 'warnaudv@webs.com', 'hV6OXL7V0brp', 'STUDENT', 'CS'),
('109CS20033', 'Morey Manthorpe', '8252267946', 'mmanthorpew@pcworld.com', '4okyFCoqjZG', 'STUDENT', 'CS'),
('109CS20034', 'Pepe Dorsey', '7986079264', 'pdorseyx@ca.gov', 'HcQ2v56', 'STUDENT', 'CS'),
('109CS20035', 'Elisabeth Banane', '7523065261', 'ebananey@mapquest.com', 'YBtIA5', 'STUDENT', 'CS'),
('109CS20036', 'Clerc Scothern', '7294455002', 'cscothernz@blogs.com', 'iIPcx2XVu', 'STUDENT', 'CS'),
('109CS20037', 'Elsa Benger', '8962339360', 'ebenger10@ycombinator.com', 'Y9uBDDER02v', 'STUDENT', 'CS'),
('109CS20038', 'Petrina Disman', '7435452975', 'pdisman11@cargocollective.com', 'R6DszEgTu5', 'STUDENT', 'CS'),
('109CS20039', 'Petunia Peters', '7729920561', 'ppeters12@fastcompany.com', 'ieNo2pfO', 'STUDENT', 'CS'),
('109CS2004', 'Alejandrina Threadgill', '7770968002', 'athreadgill3@deviantart.com', '7nyatKmeuL', 'STUDENT', 'CS'),
('109CS20040', 'Berget Dilawey', '6955336600', 'bdilawey13@scientificamerican.com', 'lU4h9N', 'STUDENT', 'CS'),
('109CS20041', 'Ric Dean', '8596497847', 'rdean14@chicagotribune.com', 'rdA3E4SDYCZ', 'STUDENT', 'CS'),
('109CS20042', 'Kimmie Ogan', '7688779371', 'kogan15@aol.com', 'l8kucBZo', 'STUDENT', 'CS'),
('109CS20043', 'Ingaborg Faherty', '8585042420', 'ifaherty16@hibu.com', 'a3ibyDrk', 'STUDENT', 'CS'),
('109CS20044', 'Maribeth Philips', '8549759007', 'mphilips17@oakley.com', 'cDreOtF', 'STUDENT', 'CS'),
('109CS20045', 'Ted Dawkins', '8229270448', 'tdawkins18@google.com.hk', 'ZGEgVgWpX', 'STUDENT', 'CS'),
('109CS20046', 'Boycie Sweeting', '7431840867', 'bsweeting19@list-manage.com', 'NEgbe3', 'STUDENT', 'CS'),
('109CS20047', 'Christean Betjeman', '9440339179', 'cbetjeman1a@jiathis.com', '6mnilgGpqv', 'STUDENT', 'CS'),
('109CS20048', 'Liane Wrotham', '9234053235', 'lwrotham1b@redcross.org', '5L2trR', 'STUDENT', 'CS'),
('109CS20049', 'Sallie Fermoy', '8174094048', 'sfermoy1c@va.gov', 'U0hWIG', 'STUDENT', 'CS'),
('109CS2005', 'Rois Bischof', '9839240508', 'rbischof4@dion.ne.jp', 'gjqg6i', 'STUDENT', 'CS'),
('109CS20050', 'Warren Nowakowski', '9954278451', 'wnowakowski1d@ox.ac.uk', 'Pe88gBkAjP', 'STUDENT', 'CS'),
('109CS20051', 'Kania Loffill', '9502251892', 'kloffill1e@about.com', 'vOfn9S', 'STUDENT', 'CS'),
('109CS20052', 'Gunter Lipp', '6789440222', 'glipp1f@nydailynews.com', 'npV5WqAK', 'STUDENT', 'CS'),
('109CS20053', 'Almira Hamprecht', '9940050684', 'ahamprecht1g@theguardian.com', 'prLMZke', 'STUDENT', 'CS'),
('109CS20054', 'Des Howie', '6661883767', 'dhowie1h@soundcloud.com', '1OpzO0', 'STUDENT', 'CS'),
('109CS20055', 'Shandy Landeg', '9733413324', 'slandeg1i@digg.com', 'MvZ2gN8OdT', 'STUDENT', 'CS'),
('109CS20056', 'Ranna Butter', '9550614863', 'rbutter1j@yahoo.com', 'y2Ro8vTYi', 'STUDENT', 'CS'),
('109CS20057', 'Broderick Jerram', '7101381492', 'bjerram1k@clickbank.net', 'aPHDuKGg5iK', 'STUDENT', 'CS'),
('109CS20058', 'Shauna Meller', '8639975796', 'smeller1l@a8.net', 'MJDlDdA4', 'STUDENT', 'CS'),
('109CS20058i', 'Ubaid Patel', '9148749147', 'ubaidpatel595@gmail.com', 'newPass', 'STUDENT', 'CS'),
('109CS20059', 'Steffie Drinkhall', '9480896917', 'sdrinkhall1m@go.com', 'mTaktqXXNK', 'STUDENT', 'CS'),
('109CS2006', 'Ade Fyers', '8303751029', 'afyers5@samsung.com', 'W32eiy', 'STUDENT', 'CS'),
('109CS20060', 'Mickie Calton', '7562074397', 'mcalton1n@google.it', 'KdIwIx', 'STUDENT', 'CS'),
('109CS2007', 'Barr Klageman', '8129159149', 'bklageman6@amazon.co.uk', 'V084Gci3mk', 'STUDENT', 'CS'),
('109CS2008', 'Stirling Wornham', '7108682966', 'swornham7@theatlantic.com', 'nblVVeA1', 'STUDENT', 'CS'),
('109CS2009', 'Cooper McCarrell', '7976167723', 'cmccarrell8@jalbum.net', 'TVDVfi', 'STUDENT', 'CS'),
('109CS234', 'Gardner Brailey', '90989990', 'example@gmail.com', 'default', 'FACULTY', 'CS'),
('109CS247', 'Hazel Babbage', '6748460458', 'hbabbage3@zimbio.com', 'ceDAd8hN9Q', 'FACULTY', 'CS'),
('109CS6', 'Ardella Kebell', '9191001666', 'akebell4@si.edu', '4botMuX', 'FACULTY', 'CS'),
('109CS67', 'Giacinta Taylerson', '7717884606', 'gtaylerson1@google.nl', 'TwXQgtC4m3', 'FACULTY', 'CS'),
('109CS987', 'Faustina Charon', '90197887', 'faustina256@gmail.com', 'default', 'FACULTY', 'CS'),
('109CV14', 'Cob Levee', '9384433924', 'clevee5@smh.com.au', 'ZjOQQ71oC0t', 'HOD', 'CV'),
('109CV2001', 'Hervey Schutt', '8389283325', 'hschutt9z@nymag.com', 'DI4l6k', 'STUDENT', 'CV'),
('109CV20010', 'Ignacius Heake', '6930196141', 'iheake9q@addthis.com', 'RFMvjezARznq', 'STUDENT', 'CV'),
('109CV20011', 'Gusti Calderhead', '8888944190', 'gcalderhead9p@chronoengine.com', 'N9kW6NsxpO', 'STUDENT', 'CV'),
('109CV20012', 'Cecile McCosker', '7338539515', 'cmccosker9o@narod.ru', 'ZTD130tdl', 'STUDENT', 'CV'),
('109CV20013', 'Ardene Wildgoose', '8426404462', 'awildgoose9n@google.ru', 'G3kNVGLo', 'STUDENT', 'CV'),
('109CV20014', 'Estrella Glisane', '8966333042', 'eglisane9m@ifeng.com', 'zRrekpz3bDlG', 'STUDENT', 'CV'),
('109CV20015', 'Conway Doggrell', '9425921815', 'cdoggrell9l@twitpic.com', 'OOfPzaaUaLc', 'STUDENT', 'CV'),
('109CV20016', 'Gabriello Tunna', '7481110360', 'gtunna9k@free.fr', 'NVAaIyRKlsGL', 'STUDENT', 'CV'),
('109CV20017', 'Anita Giraudou', '9550205909', 'agiraudou9j@virginia.edu', 'e8E3xznxk', 'STUDENT', 'CV'),
('109CV20018', 'Josie Lubeck', '7740750471', 'jlubeck9i@about.me', '6JMO0qUr', 'STUDENT', 'CV'),
('109CV20019', 'Ky Girardini', '8314492136', 'kgirardini9h@buzzfeed.com', 'GmYJsbQd', 'STUDENT', 'CV'),
('109CV2002', 'Roscoe Cisco', '8589434547', 'rcisco9y@1688.com', 'dDa0I1hoDau', 'STUDENT', 'CV'),
('109CV20020', 'Lorrie Petrol', '7682815511', 'lpetrol9g@soundcloud.com', 'nlGVy2', 'STUDENT', 'CV'),
('109CV20021', 'Carol-jean Warby', '9587650625', 'cwarby9f@hud.gov', 'aWIbUpqT7', 'STUDENT', 'CV'),
('109CV20022', 'Shem Sorby', '9537660808', 'ssorby9e@deviantart.com', '8r9B1juczvxj', 'STUDENT', 'CV'),
('109CV20023', 'Charo Dreye', '9200319657', 'cdreye9d@naver.com', 'kRiXVb5vTQh', 'STUDENT', 'CV'),
('109CV20024', 'Clare Dabels', '9318452525', 'cdabels9c@scientificamerican.com', '4Q5Ubpqgx', 'STUDENT', 'CV'),
('109CV20025', 'Marcos Reimers', '7941921212', 'mreimers9b@bizjournals.com', 'gmxMwx5J', 'STUDENT', 'CV'),
('109CV20026', 'Jonas Poulney', '8807795001', 'jpoulney9a@behance.net', 'IBiUUTCWO', 'STUDENT', 'CV'),
('109CV20027', 'Kalil Greenalf', '9734329797', 'kgreenalf99@naver.com', 'spSVzgp6k', 'STUDENT', 'CV'),
('109CV20028', 'Juliann Harradence', '7986395917', 'jharradence98@virginia.edu', '2sPFcAiL', 'STUDENT', 'CV'),
('109CV20029', 'Doroteya Matthewman', '7585321744', 'dmatthewman97@lycos.com', 'TeDW9QA0jUb', 'STUDENT', 'CV'),
('109CV2003', 'Saraann Nottram', '7408605465', 'snottram9x@sbwire.com', 'ZlrMdh7gOZ5', 'STUDENT', 'CV'),
('109CV20030', 'Alford Potell', '8430327129', 'apotell96@aol.com', 'gveRRBvLyfSi', 'STUDENT', 'CV'),
('109CV20031', 'Nissie Whiffen', '8880451586', 'nwhiffen95@engadget.com', 'zrHOAGIV03w', 'STUDENT', 'CV'),
('109CV20032', 'Alexander Durnian', '7680863753', 'adurnian94@trellian.com', 'WRCIRvLKGNL', 'STUDENT', 'CV'),
('109CV20033', 'Rabi Maplethorpe', '9683934158', 'rmaplethorpe93@amazon.com', 'wP0JfLBTSK', 'STUDENT', 'CV'),
('109CV20034', 'Ddene Robers', '8674200116', 'drobers92@live.com', 'yWfJIf', 'STUDENT', 'CV'),
('109CV20035', 'Colas Gudge', '8953736751', 'cgudge91@dion.ne.jp', '3YKzRk', 'STUDENT', 'CV'),
('109CV20036', 'Georgette Blakeden', '8235497280', 'gblakeden90@time.com', 'svSrGliYQwd', 'STUDENT', 'CV'),
('109CV20037', 'Viviyan Littrick', '9288138745', 'vlittrick8z@businessweek.com', '3ypLKwzToSL', 'STUDENT', 'CV'),
('109CV20038', 'Winnifred Muncaster', '7059722421', 'wmuncaster8y@tripod.com', '1MteKcldUp3T', 'STUDENT', 'CV'),
('109CV20039', 'Karlens Colaton', '8415858705', 'kcolaton8x@slate.com', 'gefGHakKo', 'STUDENT', 'CV'),
('109CV2004', 'Ker Sheffield', '9233067243', 'ksheffield9w@noaa.gov', 'LLKmtmzSeTe', 'STUDENT', 'CV'),
('109CV20040', 'Vinny Scrannage', '8641004665', 'vscrannage8w@unc.edu', 'C281X5T7o7p', 'STUDENT', 'CV'),
('109CV20041', 'Selia Ullyatt', '7447384136', 'sullyatt8v@mediafire.com', 'UWAwH5HhRM7', 'STUDENT', 'CV'),
('109CV20042', 'Teressa Letteresse', '9286396684', 'tletteresse8u@altervista.org', '1vDRLt', 'STUDENT', 'CV'),
('109CV20043', 'Doroteya Alcido', '8717230795', 'dalcido8t@fotki.com', '1cw5ywuB82Dl', 'STUDENT', 'CV'),
('109CV20044', 'Annabal Burroughes', '7016579007', 'aburroughes8s@people.com.cn', 'rjFjrEmG', 'STUDENT', 'CV'),
('109CV20045', 'Novelia Lomath', '8812105523', 'nlomath8r@icq.com', 'WmbeuOBmc', 'STUDENT', 'CV'),
('109CV20046', 'Sutton Endle', '8747138323', 'sendle8q@yellowpages.com', 'F7NJbuj7uocU', 'STUDENT', 'CV'),
('109CV20047', 'Perla Andrysiak', '9599198719', 'pandrysiak8p@ning.com', 'fRJ7j2f', 'STUDENT', 'CV'),
('109CV20048', 'Mada Woodworth', '9673793330', 'mwoodworth8o@ed.gov', 'luSoFpb', 'STUDENT', 'CV'),
('109CV20049', 'Norina Franceschelli', '7272575732', 'nfranceschelli8n@businessweek.com', 'qngAQa', 'STUDENT', 'CV'),
('109CV2005', 'Nevin Harvatt', '6705315879', 'nharvatt9v@ebay.com', 'NjPG0IWdg', 'STUDENT', 'CV'),
('109CV20050', 'Saleem Boodle', '6817073379', 'sboodle8m@jimdo.com', 'Vn7Aoa', 'STUDENT', 'CV'),
('109CV20051', 'Mildred Duckers', '8330230408', 'mduckers8l@virginia.edu', 'NyWOGeDZ8Q', 'STUDENT', 'CV'),
('109CV20052', 'Von Johnes', '9220746616', 'vjohnes8k@prweb.com', 'kI8flum1ObrL', 'STUDENT', 'CV'),
('109CV20053', 'Marjory Coules', '8141261686', 'mcoules8j@dedecms.com', '5La64cH4WSb', 'STUDENT', 'CV'),
('109CV20054', 'Vale Joseland', '6916824426', 'vjoseland8i@baidu.com', 'oX0576os1d', 'STUDENT', 'CV'),
('109CV20055', 'Cass Raikes', '8809732345', 'craikes8h@spiegel.de', 'WLpK2Ku', 'STUDENT', 'CV'),
('109CV20056', 'Dunn Zealander', '7293507331', 'dzealander8g@irs.gov', 'yMHVTakOhrB1', 'STUDENT', 'CV'),
('109CV20057', 'Glad Darnbrough', '7777927026', 'gdarnbrough8f@php.net', 'kG5rE5NJ1FV', 'STUDENT', 'CV'),
('109CV20058', 'Allissa Blowes', '7508138033', 'ablowes8e@cafepress.com', 'H6wycEdHNN8', 'STUDENT', 'CV'),
('109CV20059', 'Arlene Bladon', '9123402426', 'abladon8d@twitpic.com', 'rdEZs3g7K', 'STUDENT', 'CV'),
('109CV2006', 'Mel Mockler', '9533944004', 'mmockler9u@mysql.com', 'n3qaDCvb', 'STUDENT', 'CV'),
('109CV20060', 'Issiah Keggins', '6629132257', 'ikeggins8c@vk.com', 'ez7zxjvaz', 'STUDENT', 'CV'),
('109CV2007', 'Filmore Janek', '8102689975', 'fjanek9t@gmpg.org', 'dBUpXCS', 'STUDENT', 'CV'),
('109CV2008', 'Morganica Tockell', '7732005828', 'mtockell9s@google.com.br', 'rDJucUC9D', 'STUDENT', 'CV'),
('109CV2009', 'Davis Skingley', '9137586410', 'dskingley9r@foxnews.com', 'JzcsGw32Ly', 'STUDENT', 'CV'),
('109CV261', 'Wainwright Wenderoth', '7191312063', 'wwenderothv@japanpost.jp', 'LeeGGD', 'FACULTY', 'CV'),
('109CV319', 'Irita Elcombe', '9187892101', 'ielcombex@google.de', 'ZXQwEdOKrC96', 'FACULTY', 'CV'),
('109CV376', 'Nataniel Wimes', '8371814034', 'nwimesy@google.it', 'zRqp0G3LfoX3', 'FACULTY', 'CV'),
('109CV383', 'Dougy Woodage', '8171510435', 'dwoodageu@wikipedia.org', 'Myw2u3X', 'FACULTY', 'CV'),
('109CV392', 'Vale Philippart', '7108183949', 'vphilippartz@nifty.com', 'ry4tLPoQvgwB', 'FACULTY', 'CV'),
('109CV488', 'Juli Bouch', '6847886497', 'jbouchw@hostgator.com', 'gwFgnw', 'FACULTY', 'CV'),
('109EC11', 'Fionna Goullee', '8257572517', 'fgoulleet@pagesperso-orange.fr', 'A4DNMFDwh', 'FACULTY', 'EC'),
('109EC198', 'Grayce Bertot', '8689326864', 'gbertoto@fc2.com', 'sPQHSTcCq', 'FACULTY', 'EC'),
('109EC2001', 'Bernice Havelin', '7519647255', 'bhavelin8b@ocn.ne.jp', 'v87i1pEX', 'STUDENT', 'EC'),
('109EC20010', 'Adelbert Pleming', '6812337574', 'apleming82@walmart.com', 'u9dWLp', 'STUDENT', 'EC'),
('109EC20011', 'Benedick Itzhaki', '9254506878', 'bitzhaki81@youtu.be', 'qVvTVjnkOMxQ', 'STUDENT', 'EC'),
('109EC20012', 'Emmy Elwel', '8763961982', 'eelwel80@pcworld.com', 'Ej8wGkthP', 'STUDENT', 'EC'),
('109EC20013', 'Free Hurtado', '9463577422', 'fhurtado7z@sitemeter.com', 'GjQjKE0VEjn', 'STUDENT', 'EC'),
('109EC20014', 'Bette Kubecka', '8380117193', 'bkubecka7y@lulu.com', 'BV8wwCgWwe3', 'STUDENT', 'EC'),
('109EC20015', 'Atlante Limon', '7131717266', 'alimon7x@discovery.com', 'g6wFZ0wdNJ', 'STUDENT', 'EC'),
('109EC20016', 'Tallie Brim', '7175946976', 'tbrim7w@census.gov', 'p3NjSfs', 'STUDENT', 'EC'),
('109EC20017', 'Whitby Streets', '8338692302', 'wstreets7v@apple.com', 'm7RjZFTGBY5', 'STUDENT', 'EC'),
('109EC20018', 'Marleen Masarrat', '6628191067', 'mmasarrat7u@nature.com', 'onhJgaheKL9n', 'STUDENT', 'EC'),
('109EC20019', 'Berty Bearham', '8114745976', 'bbearham7t@dmoz.org', '19dLOIiA0dX9', 'STUDENT', 'EC'),
('109EC2002', 'Rutter Grisdale', '9620627078', 'rgrisdale8a@census.gov', 'akAQ17vSq9c', 'STUDENT', 'EC'),
('109EC20020', 'Alicia Haggath', '6878679273', 'ahaggath7s@theguardian.com', '5tYCysH7Zr', 'STUDENT', 'EC'),
('109EC20021', 'Ardeen Illingsworth', '9014960681', 'aillingsworth7r@icio.us', 'POSmXpKIx', 'STUDENT', 'EC'),
('109EC20022', 'Maynard Godlonton', '7569812496', 'mgodlonton7q@diigo.com', '01siipytx', 'STUDENT', 'EC'),
('109EC20023', 'Emlyn Field', '7641054127', 'efield7p@storify.com', 'FYSn8djsE', 'STUDENT', 'EC'),
('109EC20024', 'Aldis Smitheman', '8101874284', 'asmitheman7o@ibm.com', 'sFOt1OnXW5', 'STUDENT', 'EC'),
('109EC20025', 'Idalina O\'Deegan', '9345966356', 'iodeegan7n@dion.ne.jp', '3rE96k2xS3t3', 'STUDENT', 'EC'),
('109EC20026', 'Patty Luttgert', '7761961974', 'pluttgert7m@washington.edu', 'zvzaYn11i', 'STUDENT', 'EC'),
('109EC20027', 'Jessalin Elleyne', '8703773190', 'jelleyne7l@miibeian.gov.cn', '7OtoUxfQxI', 'STUDENT', 'EC'),
('109EC20028', 'Malcolm Dedham', '8111656696', 'mdedham7k@amazon.de', '10pDV1tVsbP', 'STUDENT', 'EC'),
('109EC20029', 'Milena Elsmore', '9200258375', 'melsmore7j@yahoo.com', '2jgA0lnu', 'STUDENT', 'EC'),
('109EC2003', 'Rosie Faircliffe', '7541253360', 'rfaircliffe89@i2i.jp', 'U9ZBCE6WW', 'STUDENT', 'EC'),
('109EC20030', 'Ara Payze', '6988342270', 'apayze7i@google.co.uk', 'VXhaLAlYe', 'STUDENT', 'EC'),
('109EC20031', 'Roddy Bwy', '9795154056', 'rbwy7h@smugmug.com', 'iRuZVfYK1', 'STUDENT', 'EC'),
('109EC20032', 'Buiron Dashwood', '8597716827', 'bdashwood7g@vkontakte.ru', 'Mf5ieA', 'STUDENT', 'EC'),
('109EC20033', 'Bradly Matuszynski', '8565446746', 'bmatuszynski7f@dailymail.co.uk', 'OR1FQO', 'STUDENT', 'EC'),
('109EC20034', 'Ritchie Hammerman', '6631127448', 'rhammerman7e@indiatimes.com', 'zM6a7H5H', 'STUDENT', 'EC'),
('109EC20035', 'Giraud Mattielli', '9679035155', 'gmattielli7d@biblegateway.com', 'dwTk8Eong23', 'STUDENT', 'EC'),
('109EC20036', 'Jammal Yukhov', '7391005764', 'jyukhov7c@hc360.com', 'Uxjo96BiO', 'STUDENT', 'EC'),
('109EC20037', 'Francis Paradyce', '8865139748', 'fparadyce7b@is.gd', 'ytRpy8df', 'STUDENT', 'EC'),
('109EC20038', 'Pandora MacKowle', '8305366086', 'pmackowle7a@yandex.ru', 'Fp4PdPU', 'STUDENT', 'EC'),
('109EC20039', 'Gilligan Frankema', '8725882050', 'gfrankema79@squidoo.com', 'tYfZbQtT9ZmI', 'STUDENT', 'EC'),
('109EC2004', 'Euell Shardlow', '7938276075', 'eshardlow88@cbslocal.com', 'ihJnGnMfBA', 'STUDENT', 'EC'),
('109EC20040', 'Latrena Dubbin', '8632103813', 'ldubbin78@who.int', 'SDWi6G473', 'STUDENT', 'EC'),
('109EC20041', 'Chance Hinnerk', '9950247700', 'chinnerk77@biblegateway.com', 'JR1cVBt0sUh', 'STUDENT', 'EC'),
('109EC20042', 'Yelena Felgate', '9481843289', 'yfelgate76@google.com', 'w23AXdV', 'STUDENT', 'EC'),
('109EC20043', 'Kean Braisher', '7935559101', 'kbraisher75@ocn.ne.jp', 'JcskktXS', 'STUDENT', 'EC'),
('109EC20044', 'Shena Carlan', '7183812721', 'scarlan74@mayoclinic.com', 'Q1JmSmnbq', 'STUDENT', 'EC'),
('109EC20045', 'Gilli Fedorchenko', '9421460756', 'gfedorchenko73@cyberchimps.com', 'OElRZ8g', 'STUDENT', 'EC'),
('109EC20046', 'Clem Hayfield', '7750454027', 'chayfield72@telegraph.co.uk', 'HDTfUGmm', 'STUDENT', 'EC'),
('109EC20047', 'Leonard Lauder', '7222731329', 'llauder71@51.la', 'oQqRRI', 'STUDENT', 'EC'),
('109EC20048', 'Bobbette Salzburg', '6628399848', 'bsalzburg70@myspace.com', 'Mu2o9i', 'STUDENT', 'EC'),
('109EC20049', 'Terencio Keavy', '7661388771', 'tkeavy6z@wiley.com', '2iBQrIH', 'STUDENT', 'EC'),
('109EC2005', 'Derby Giacobo', '9723900809', 'dgiacobo87@boston.com', 'GaFoMXjVErF', 'STUDENT', 'EC'),
('109EC20050', 'Jackqueline Sharratt', '9169589737', 'jsharratt6y@nhs.uk', 'LItQEQ', 'STUDENT', 'EC'),
('109EC20051', 'Alisa Quadri', '8466437192', 'aquadri6x@unicef.org', 'kSE0qcnos59A', 'STUDENT', 'EC'),
('109EC20052', 'Abbe Blais', '8837972308', 'ablais6w@netvibes.com', 'YxeTvUp', 'STUDENT', 'EC'),
('109EC20053', 'Stormy Thomesson', '6982315696', 'sthomesson6v@livejournal.com', 'IxQbZmL', 'STUDENT', 'EC'),
('109EC20054', 'Belva Wegener', '8821521292', 'bwegener6u@merriam-webster.com', 'rkGkFnI', 'STUDENT', 'EC'),
('109EC20055', 'Remus Sinnock', '7231693233', 'rsinnock6t@un.org', 'wxAUvFssfjWb', 'STUDENT', 'EC'),
('109EC20056', 'Emmye Juett', '8990757800', 'ejuett6s@ftc.gov', 'lmyYI5IqqM', 'STUDENT', 'EC'),
('109EC20057', 'Jaclyn Crosgrove', '7109888241', 'jcrosgrove6r@themeforest.net', 'bHw1rNBpYj', 'STUDENT', 'EC'),
('109EC20058', 'Tomasine Etock', '9884468462', 'tetock6q@linkedin.com', '9Na50EFEFl', 'STUDENT', 'EC'),
('109EC20059', 'Brynna Southard', '9586120748', 'bsouthard6p@statcounter.com', '6x2GDnXjVt', 'STUDENT', 'EC'),
('109EC2006', 'Mil Lethbridge', '9654086527', 'mlethbridge86@jalbum.net', 'OLS5FWi', 'STUDENT', 'EC'),
('109EC20060', 'Erasmus Harriday', '7580341118', 'eharriday6o@cnbc.com', 'ph4hxyNnFs16', 'STUDENT', 'EC'),
('109EC2007', 'Richardo Copas', '8306351272', 'rcopas85@java.com', 'agzvQDeSh', 'STUDENT', 'EC'),
('109EC2008', 'Torrey Lakeman', '8987422406', 'tlakeman84@businesswire.com', 'pN5Bj3', 'STUDENT', 'EC'),
('109EC2009', 'Emily Staddon', '7444464246', 'estaddon83@edublogs.org', 'yf74pQSWTm', 'STUDENT', 'EC'),
('109EC3', 'Daryl Skarman', '9979326067', 'dskarman4@hibu.com', 'kJd4fF', 'HOD', 'EC'),
('109EC302', 'Mathew Goodier', '8105759951', 'mgoodierr@so-net.ne.jp', 'I4N6QK', 'FACULTY', 'EC'),
('109EC447', 'Linda Haylands', '7781358978', 'lhaylandsp@scribd.com', 'nsW1GNt7Qq6', 'FACULTY', 'EC'),
('109EC485', 'Valentijn Andreou', '8052768423', 'vandreous@smh.com.au', 'fQ7ov9H7Xa', 'FACULTY', 'EC'),
('109EC490', 'Candy Caveney', '8777661136', 'ccaveneyq@cnet.com', '27AAo85', 'FACULTY', 'EC'),
('109EE103', 'Beatrisa Indruch', '7726076659', 'bindruchl@marketwatch.com', 'ROp1wv24', 'FACULTY', 'EE'),
('109EE154', 'Myriam Langrish', '7487002463', 'mlangrishj@boston.com', 'OB8H8w', 'FACULTY', 'EE'),
('109EE2001', 'Koralle Barnsdale', '8753279920', 'kbarnsdale6n@github.com', 'vlqycYiw', 'STUDENT', 'EE'),
('109EE20010', 'Jami Targe', '9780851256', 'jtarge6e@umich.edu', 'k0AsiyjMuJJ', 'STUDENT', 'EE'),
('109EE20011', 'Hans Dinjes', '9251688258', 'hdinjes6d@redcross.org', 'bdsR7OTF', 'STUDENT', 'EE'),
('109EE20012', 'Pippa Espinet', '9666745028', 'pespinet6c@123-reg.co.uk', 'edRTKt4xZ', 'STUDENT', 'EE'),
('109EE20013', 'Agretha Loudiane', '7918939970', 'aloudiane6b@ehow.com', 'kfQ7Vh8Z', 'STUDENT', 'EE'),
('109EE20014', 'Nani Fiske', '6672495736', 'nfiske6a@etsy.com', 'WlhSEnYcEdk', 'STUDENT', 'EE'),
('109EE20015', 'Allistir Ende', '8987629238', 'aende69@imgur.com', 'lruOhS', 'STUDENT', 'EE'),
('109EE20016', 'Gerianna Harsant', '8414829007', 'gharsant68@whitehouse.gov', 'tOPdx9PblsU9', 'STUDENT', 'EE'),
('109EE20017', 'Katharina Cuthbert', '6714435785', 'kcuthbert67@rakuten.co.jp', 'OITGBg', 'STUDENT', 'EE'),
('109EE20018', 'Alasdair Brightling', '7845549407', 'abrightling66@answers.com', 'TmBtFPX', 'STUDENT', 'EE'),
('109EE20019', 'Edsel Bramah', '7984118474', 'ebramah65@sphinn.com', 'qKzNEm', 'STUDENT', 'EE'),
('109EE2002', 'Hazel Charker', '9698182073', 'hcharker6m@census.gov', 'mBuqpQeQ', 'STUDENT', 'EE'),
('109EE20020', 'Jazmin Limon', '8855926063', 'jlimon64@cisco.com', 'ABVJbaK', 'STUDENT', 'EE'),
('109EE20021', 'Erik Tapin', '8978960130', 'etapin63@360.cn', 'EXxwpgubd', 'STUDENT', 'EE'),
('109EE20022', 'Gloriane Senescall', '7886802936', 'gsenescall62@twitter.com', 'h4Fj5NAy', 'STUDENT', 'EE'),
('109EE20023', 'Deina Francis', '7772444172', 'dfrancis61@cbsnews.com', '8iMfp6NT', 'STUDENT', 'EE'),
('109EE20024', 'Lefty Sarchwell', '7427469612', 'lsarchwell60@tinypic.com', 'Jqwy7ynjSuwu', 'STUDENT', 'EE'),
('109EE20025', 'Skipper Arendt', '8620574563', 'sarendt5z@xing.com', '954L2Co', 'STUDENT', 'EE'),
('109EE20026', 'Kaia Bracco', '9735317429', 'kbracco5y@ucoz.ru', 'XdxFQkSnr5MN', 'STUDENT', 'EE'),
('109EE20027', 'Raff Bagehot', '9484292104', 'rbagehot5x@usatoday.com', 'yMOfGBs6R', 'STUDENT', 'EE'),
('109EE20028', 'Alene Strewthers', '7215601300', 'astrewthers5w@trellian.com', 'NlVhQQ', 'STUDENT', 'EE'),
('109EE20029', 'Claudell O\'Carrol', '7081807463', 'cocarrol5v@ihg.com', 'ly33yo', 'STUDENT', 'EE'),
('109EE2003', 'Talbert Gravener', '9639070536', 'tgravener6l@dailymail.co.uk', 'u0McqjKh', 'STUDENT', 'EE'),
('109EE20030', 'Teresa Rendall', '9511695191', 'trendall5u@eepurl.com', 'FBdn6rJulJrh', 'STUDENT', 'EE'),
('109EE20031', 'Jaimie Kleynermans', '6875123545', 'jkleynermans5t@wiley.com', 'OLrx32jxcY', 'STUDENT', 'EE'),
('109EE20032', 'Maryanne Mallabar', '8393243638', 'mmallabar5s@homestead.com', 'KUJjERE', 'STUDENT', 'EE'),
('109EE20033', 'Joshuah Laphorn', '9835283513', 'jlaphorn5r@sciencedaily.com', 'OSSdDysV', 'STUDENT', 'EE'),
('109EE20034', 'Anna-maria Tembey', '7962644169', 'atembey5q@imageshack.us', '5epEh68jNH', 'STUDENT', 'EE'),
('109EE20035', 'Coleman Schiell', '7622791357', 'cschiell5p@psu.edu', 'e7tw0Taql', 'STUDENT', 'EE'),
('109EE20036', 'Wynny Melhuish', '6791382448', 'wmelhuish5o@i2i.jp', 'a3LGSQQ9vyZ', 'STUDENT', 'EE'),
('109EE20037', 'Daron Acum', '9614496858', 'dacum5n@lycos.com', 'fBeQQH3', 'STUDENT', 'EE'),
('109EE20038', 'Emeline Ertel', '9182653318', 'eertel5m@php.net', 'f36faGA', 'STUDENT', 'EE'),
('109EE20039', 'Lilli Bengle', '7086908666', 'lbengle5l@amazon.co.uk', 'clHfI3rx5', 'STUDENT', 'EE'),
('109EE2004', 'Meg Whawell', '9705150919', 'mwhawell6k@163.com', 'ZD1CXWb', 'STUDENT', 'EE'),
('109EE20040', 'Dayle Kirton', '6979457916', 'dkirton5k@barnesandnoble.com', 'UHo4qI8qA', 'STUDENT', 'EE'),
('109EE20041', 'Kitti Chislett', '8937916057', 'kchislett5j@trellian.com', '74fdXZGk', 'STUDENT', 'EE'),
('109EE20042', 'Faun Liddington', '9252473839', 'fliddington5i@pcworld.com', 'psdVPETe', 'STUDENT', 'EE'),
('109EE20043', 'Carmen Muggleton', '6889532957', 'cmuggleton5h@wikispaces.com', 'jgcJpoFrjwT', 'STUDENT', 'EE'),
('109EE20044', 'Yardley Noden', '9619775023', 'ynoden5g@nsw.gov.au', 'RKD9g0', 'STUDENT', 'EE'),
('109EE20045', 'Pru Tilio', '7970419405', 'ptilio5f@elegantthemes.com', 'or9nfywQx3', 'STUDENT', 'EE'),
('109EE20046', 'Cherie Louedey', '8466568249', 'clouedey5e@people.com.cn', 'h5C7EeFC', 'STUDENT', 'EE'),
('109EE20047', 'Gaspar Greyes', '8710859048', 'ggreyes5d@google.co.jp', 'KuvtAMz', 'STUDENT', 'EE'),
('109EE20048', 'Cale Owtram', '8661200598', 'cowtram5c@twitter.com', 'gTAsQZ7s82', 'STUDENT', 'EE'),
('109EE20049', 'Hunter Wretham', '8136265969', 'hwretham5b@desdev.cn', 'rpngWEzJf7', 'STUDENT', 'EE'),
('109EE2005', 'Dennie Marvelley', '6619340590', 'dmarvelley6j@tiny.cc', 'aiN8f86z', 'STUDENT', 'EE'),
('109EE20050', 'Edmund Cunnow', '6703961055', 'ecunnow5a@meetup.com', 'CNrY3S', 'STUDENT', 'EE'),
('109EE20051', 'Allyson Goldwater', '9282474610', 'agoldwater59@springer.com', 'UIBnw6', 'STUDENT', 'EE'),
('109EE20052', 'Jacquetta Stollwerck', '8216538738', 'jstollwerck58@mysql.com', 'yNJu12V4of', 'STUDENT', 'EE'),
('109EE20053', 'Vincenty Roof', '7274257545', 'vroof57@deviantart.com', 'NltfbjEcjlYT', 'STUDENT', 'EE'),
('109EE20054', 'Eimile Guilloud', '8945902151', 'eguilloud56@virginia.edu', 'ehV2iFR', 'STUDENT', 'EE'),
('109EE20055', 'Chancey Fagge', '8741418598', 'cfagge55@senate.gov', 'J7Et8nY', 'STUDENT', 'EE'),
('109EE20056', 'Alonzo Behnke', '9079382010', 'abehnke54@biglobe.ne.jp', 'rtALcbw9', 'STUDENT', 'EE'),
('109EE20057', 'Lyndy Okenfold', '7401158181', 'lokenfold53@dell.com', 'vhCqFm', 'STUDENT', 'EE'),
('109EE20058', 'Toni Bakeup', '7590458087', 'tbakeup52@newyorker.com', 'npZu8Pbh', 'STUDENT', 'EE'),
('109EE20059', 'Mead Talloe', '9613905312', 'mtalloe51@google.ru', 'RWhsVKRG', 'STUDENT', 'EE'),
('109EE2006', 'Randene Holyland', '6791833588', 'rholyland6i@google.de', 'B12M5Gzp', 'STUDENT', 'EE'),
('109EE20060', 'Marlyn Vasiljevic', '8514844782', 'mvasiljevic50@blogspot.com', '8FOhM5hqi', 'STUDENT', 'EE'),
('109EE2007', 'Jaymie Dincke', '8022337591', 'jdincke6h@woothemes.com', 'pw5Cfw8', 'STUDENT', 'EE'),
('109EE2008', 'Nicky Duckhouse', '9714087561', 'nduckhouse6g@e-recht24.de', 'jdb2FzR9', 'STUDENT', 'EE'),
('109EE2009', 'Norine Moynihan', '9333976983', 'nmoynihan6f@taobao.com', '6uxZQUms5', 'STUDENT', 'EE'),
('109EE296', 'Bobbie Schubart', '6773154005', 'bschubartm@auda.org.au', 'bxWPhCT', 'FACULTY', 'EE'),
('109EE30', 'Talia Butterworth', '9120133050', 'tbutterworth3@nymag.com', 'YKGkoXwIN', 'HOD', 'EE'),
('109EE417', 'Kym Ayers', '6827729654', 'kayersi@dyndns.org', 'OmK9AH', 'FACULTY', 'EE'),
('109EE43', 'Gwenora Yitzhakof', '9073756305', 'gyitzhakofk@domainmarket.com', 'FGqG1Zp3W', 'FACULTY', 'EE'),
('109EE472', 'Crysta Gerish', '6858095180', 'cgerishn@exblog.jp', 'G7xrgIOy', 'FACULTY', 'EE'),
('109IS2001', 'Herold Abbs', '7400649926', 'habbs3b@whitehouse.gov', 'zsOzEJr', 'STUDENT', 'IS'),
('109IS20010', 'Ad Goodie', '8765483397', 'agoodie32@addtoany.com', 'oupDtoQbOIDT', 'STUDENT', 'IS'),
('109IS20011', 'Tildie Fillingham', '9855074868', 'tfillingham31@deliciousdays.com', 'OM5QxrT', 'STUDENT', 'IS'),
('109IS20012', 'Claribel Sorensen', '8354993355', 'csorensen30@macromedia.com', '15O6LVxXz', 'STUDENT', 'IS'),
('109IS20013', 'Fernande Hews', '7612349425', 'fhews2z@tiny.cc', 'MeIEh5Fp85', 'STUDENT', 'IS'),
('109IS20014', 'Allayne Jaqueminet', '8043020711', 'ajaqueminet2y@ft.com', 'oYKBZ0mV1bQm', 'STUDENT', 'IS'),
('109IS20015', 'Nisse Ingledow', '8253878278', 'ningledow2x@nps.gov', 'pqXKqzBkeye9', 'STUDENT', 'IS'),
('109IS20016', 'Kayne Parkman', '6903467454', 'kparkman2w@mysql.com', 'ZH2iBmHQ', 'STUDENT', 'IS'),
('109IS20017', 'Kaleb Thurlborn', '6705150223', 'kthurlborn2v@multiply.com', 'jix5rld', 'STUDENT', 'IS'),
('109IS20018', 'Gaelan Fosbraey', '8725847647', 'gfosbraey2u@4shared.com', 'QARUULgD3oh', 'STUDENT', 'IS'),
('109IS20019', 'Estel Crichley', '8054208432', 'ecrichley2t@who.int', 'CwRlL1W', 'STUDENT', 'IS'),
('109IS2002', 'Bartholomeo Guthrum', '9718882830', 'bguthrum3a@wsj.com', 'iJeD1UE', 'STUDENT', 'IS'),
('109IS20020', 'Sheila Befroy', '9366686941', 'sbefroy2s@elegantthemes.com', 'kt5YsyyGHJjL', 'STUDENT', 'IS'),
('109IS20021', 'Leroi Westphalen', '9203060646', 'lwestphalen2r@biblegateway.com', 'ylEQ1W', 'STUDENT', 'IS'),
('109IS20022', 'Bruis Mardall', '9003919293', 'bmardall2q@themeforest.net', 'OAjO1r2Jo9To', 'STUDENT', 'IS'),
('109IS20023', 'Abran Maffini', '9007080324', 'amaffini2p@google.es', 'cRoLDpLwXeth', 'STUDENT', 'IS'),
('109IS20024', 'Ingamar Yesipov', '9145481838', 'iyesipov2o@ebay.co.uk', 'VrZfrk6', 'STUDENT', 'IS'),
('109IS20025', 'Genna Alderton', '7579183073', 'galderton2n@deliciousdays.com', 'AZGBiGo8eL', 'STUDENT', 'IS'),
('109IS20026', 'Herve Capeling', '7974763589', 'hcapeling2m@unblog.fr', 'Uz76z7SamJ0', 'STUDENT', 'IS'),
('109IS20027', 'Bryanty Wadley', '7757553719', 'bwadley2l@psu.edu', 'jTdT39IdIo', 'STUDENT', 'IS'),
('109IS20028', 'Faber Chelam', '8357872612', 'fchelam2k@linkedin.com', 'GCrRPw7tpGH8', 'STUDENT', 'IS'),
('109IS20029', 'Vanya Pirouet', '7000650423', 'vpirouet2j@va.gov', 'ShwgFFbYiH', 'STUDENT', 'IS'),
('109IS2003', 'Raphaela Brinson', '9887545700', 'rbrinson39@cargocollective.com', 'I2lsPpStC', 'STUDENT', 'IS'),
('109IS20030', 'Rhett Gillani', '8229408900', 'rgillani2i@google.es', 'e1EzFmg', 'STUDENT', 'IS'),
('109IS20031', 'Dolph Blatchford', '6928374609', 'dblatchford2h@bigcartel.com', 'jDPI8b1', 'STUDENT', 'IS'),
('109IS20032', 'Mable Brittles', '7615872541', 'mbrittles2g@pinterest.com', '28dWeVMoxNl', 'STUDENT', 'IS'),
('109IS20033', 'Marylinda Nussii', '8138578410', 'mnussii2f@sina.com.cn', 'LRF6r9rR13', 'STUDENT', 'IS'),
('109IS20034', 'Everard Ebden', '9900012984', 'eebden2e@multiply.com', 'vHE88HC', 'STUDENT', 'IS'),
('109IS20035', 'Neill Aulds', '8161399538', 'naulds2d@posterous.com', '3aAz3PGt0D', 'STUDENT', 'IS'),
('109IS20036', 'Lynea Fransman', '7034551046', 'lfransman2c@bluehost.com', 'Z1Y3qNphhgQ2', 'STUDENT', 'IS'),
('109IS20037', 'Tildy Fender', '9221991719', 'tfender2b@cam.ac.uk', 'DvRJI7', 'STUDENT', 'IS'),
('109IS20038', 'Dean Eykelhof', '7339459463', 'deykelhof2a@psu.edu', 'ruZjha', 'STUDENT', 'IS'),
('109IS20039', 'Rowe Antonomolii', '8685416111', 'rantonomolii29@alibaba.com', 'RPTQ1Ph6jAnf', 'STUDENT', 'IS'),
('109IS2004', 'Mireille McNeachtain', '8671879474', 'mmcneachtain38@live.com', 'qGzlEhtcKrC', 'STUDENT', 'IS'),
('109IS20040', 'Meade Klampk', '7901286142', 'mklampk28@yolasite.com', 'aXYlQn', 'STUDENT', 'IS'),
('109IS20041', 'Spenser Balfe', '7544376197', 'sbalfe27@prweb.com', '0n7w1TZWCi', 'STUDENT', 'IS'),
('109IS20042', 'Netti Buckner', '9806276662', 'nbuckner26@digg.com', 'hdjhm26', 'STUDENT', 'IS'),
('109IS20043', 'Tarra Obeney', '7222407800', 'tobeney25@taobao.com', 'gkV0Em', 'STUDENT', 'IS'),
('109IS20044', 'Crichton Spearing', '6950656937', 'cspearing24@slideshare.net', '5BKeYnMT', 'STUDENT', 'IS'),
('109IS20045', 'Sydel Gytesham', '8432472288', 'sgytesham23@trellian.com', 'hHBrEd8H', 'STUDENT', 'IS'),
('109IS20046', 'Wini Morbey', '6967102808', 'wmorbey22@wired.com', 'mu0SZr9tk9pU', 'STUDENT', 'IS'),
('109IS20047', 'Aridatha Curnnok', '8068654142', 'acurnnok21@a8.net', 'YQHplF', 'STUDENT', 'IS'),
('109IS20048', 'Lettie Meininking', '6714885815', 'lmeininking20@cisco.com', 'RuizDvudBDaB', 'STUDENT', 'IS'),
('109IS20049', 'Elisha Wildber', '6745268458', 'ewildber1z@nbcnews.com', 'LA2mYoYZmPx', 'STUDENT', 'IS'),
('109IS2005', 'Stillmann Bonar', '6664761662', 'sbonar37@bluehost.com', 'UJe5EyPhOV3E', 'STUDENT', 'IS'),
('109IS20050', 'Jennine Prestner', '8762017548', 'jprestner1y@nba.com', 'tXzYXWlX7RGN', 'STUDENT', 'IS'),
('109IS20051', 'Izzy Randalson', '9438414544', 'irandalson1x@miitbeian.gov.cn', '2ulEVo4v6OHz', 'STUDENT', 'IS'),
('109IS20052', 'Catharine Bamlett', '9803490648', 'cbamlett1w@washingtonpost.com', 'T3V5fRl1rSU', 'STUDENT', 'IS'),
('109IS20053', 'Dayna Kliemchen', '8926648731', 'dkliemchen1v@timesonline.co.uk', '9TS9jXdha', 'STUDENT', 'IS'),
('109IS20054', 'Shir Woolveridge', '6604713596', 'swoolveridge1u@myspace.com', 'WRwCeL', 'STUDENT', 'IS'),
('109IS20055', 'Ashla Fretwell', '8827528600', 'afretwell1t@telegraph.co.uk', 'RrZa7sA', 'STUDENT', 'IS'),
('109IS20056', 'Lilyan Stare', '7441990854', 'lstare1s@cdbaby.com', 'ClH0lU5ZPK', 'STUDENT', 'IS'),
('109IS20057', 'Tess Crab', '7313744101', 'tcrab1r@sphinn.com', 'vgF3cFby', 'STUDENT', 'IS'),
('109IS20058', 'Marci Zuker', '8105493426', 'mzuker1q@yahoo.co.jp', 'OIZEzjtn', 'STUDENT', 'IS'),
('109IS20059', 'Haydon Giveen', '7646575422', 'hgiveen1p@netlog.com', 'UniJ59sjOj', 'STUDENT', 'IS'),
('109IS2006', 'Kelsi Graal', '8896895358', 'kgraal36@ibm.com', 'LcmScr4r', 'STUDENT', 'IS'),
('109IS20060', 'Mufinella Bentke', '9256433824', 'mbentke1o@lulu.com', 'YPgLRh', 'STUDENT', 'IS'),
('109IS2007', 'Daphene Forster', '7663275254', 'dforster35@buzzfeed.com', 'NK6DkV0L7', 'STUDENT', 'IS'),
('109IS2008', 'Jock Boichat', '9564576306', 'jboichat34@ehow.com', 'ptGELLCXY', 'STUDENT', 'IS'),
('109IS2009', 'Carlin Laurent', '6878938988', 'claurent33@java.com', '5IMIbTi', 'STUDENT', 'IS'),
('109IS210', 'Reynold Benbrick', '7641951589', 'rbenbrickb@reverbnation.com', 'FhL7woB1h', 'FACULTY', 'IS'),
('109IS242', 'Jamison Fidelus', '7870212572', 'jfidelus7@techcrunch.com', 'eIbkAT', 'FACULTY', 'IS'),
('109IS296', 'Inger Brickstock', '7762171637', 'ibrickstock8@nbcnews.com', 'szlr5Q5PgXC', 'FACULTY', 'IS'),
('109IS332', 'Hallsy Walsh', '9740906073', 'hwalsh9@flavors.me', 'WsPyFmXmmtGA', 'FACULTY', 'IS'),
('109IS38', 'Rubi Flag', '8896471382', 'rflag6@vk.com', 'iH1BNMK', 'FACULTY', 'IS'),
('109IS39', 'Merline Heading', '8129236417', 'mheading1@bizjournals.com', 'eNz6DmpgX', 'HOD', 'IS'),
('109IS392', 'Sherlocke Rounsefull', '7284179173', 'srounsefulla@geocities.com', 'wSKOiOqd', 'FACULTY', 'IS'),
('109ME196', 'Georgy Esberger', '9566380328', 'gesbergere@google.pl', 'AmWPdTWOZ', 'FACULTY', 'ME'),
('109ME2001', 'Dunc Skittreal', '6989307506', 'dskittreal4z@unicef.org', 'SXItuk', 'STUDENT', 'ME'),
('109ME20010', 'Alida Houldcroft', '6661561144', 'ahouldcroft4q@berkeley.edu', '1n6xGLeOGR', 'STUDENT', 'ME'),
('109ME20011', 'Reilly Shovelin', '7068723043', 'rshovelin4p@addtoany.com', 'LP64sGP', 'STUDENT', 'ME'),
('109ME20012', 'Johannah Goodanew', '7111854147', 'jgoodanew4o@opensource.org', 'xTbvcPO3VMvo', 'STUDENT', 'ME'),
('109ME20013', 'Leese Bonhomme', '7937971293', 'lbonhomme4n@globo.com', 'ZX8ewSTOC', 'STUDENT', 'ME'),
('109ME20014', 'Menard Grimston', '7813096369', 'mgrimston4m@scribd.com', 'MrErTkhGUz', 'STUDENT', 'ME'),
('109ME20015', 'Bartholomeus Amburgy', '7758827293', 'bamburgy4l@1und1.de', 'qvy1zU744pp', 'STUDENT', 'ME'),
('109ME20016', 'Grove Veschambre', '9299455473', 'gveschambre4k@rediff.com', 'YIXpCJC1s', 'STUDENT', 'ME'),
('109ME20017', 'Demetria Santus', '6880579368', 'dsantus4j@usnews.com', 'pfoytisW', 'STUDENT', 'ME'),
('109ME20018', 'Giorgia Stolze', '6729260504', 'gstolze4i@apache.org', 'TFjHnZy', 'STUDENT', 'ME'),
('109ME20019', 'Stevy Hamshaw', '8131828121', 'shamshaw4h@example.com', 'y1Z2KzPv80E', 'STUDENT', 'ME'),
('109ME2002', 'Pryce Hurrell', '8044978659', 'phurrell4y@google.ru', 'vQLJ1vb', 'STUDENT', 'ME'),
('109ME20020', 'Quintilla Skirling', '8192405196', 'qskirling4g@mozilla.com', 'eSIAqezeW', 'STUDENT', 'ME'),
('109ME20021', 'Trina Traut', '7784912734', 'ttraut4f@java.com', 'aOvbefsfDVZ', 'STUDENT', 'ME'),
('109ME20022', 'Sena Jerams', '9891694593', 'sjerams4e@diigo.com', 'aNurd4px6', 'STUDENT', 'ME'),
('109ME20023', 'Kip Scading', '9656339006', 'kscading4d@vinaora.com', '9XBpF5VV', 'STUDENT', 'ME'),
('109ME20024', 'Shea Donnellan', '9323957340', 'sdonnellan4c@nba.com', 'rG8Guk0n5fX', 'STUDENT', 'ME'),
('109ME20025', 'Lucita Toyne', '9141885078', 'ltoyne4b@nbcnews.com', 'rcowf1usTqt', 'STUDENT', 'ME'),
('109ME20026', 'Derril Sevitt', '7690219213', 'dsevitt4a@t-online.de', 'XcHpJKvFZm', 'STUDENT', 'ME'),
('109ME20027', 'Minor Palfreeman', '8908650412', 'mpalfreeman49@usatoday.com', 'nKnmzqaTy', 'STUDENT', 'ME'),
('109ME20028', 'Sheila Sandham', '9220072937', 'ssandham48@comsenz.com', 'TYgEM8R2h8', 'STUDENT', 'ME'),
('109ME20029', 'Gayel Effnert', '7737899817', 'geffnert47@wp.com', 'WFEUhg4', 'STUDENT', 'ME'),
('109ME2003', 'Iggy Sommerlie', '9855314795', 'isommerlie4x@aol.com', 'VlL5UhIKb3X', 'STUDENT', 'ME'),
('109ME20030', 'Berne Behling', '7956085518', 'bbehling46@newsvine.com', 'XIvCYsXVo', 'STUDENT', 'ME'),
('109ME20031', 'Mathilda Cheltnam', '9626039138', 'mcheltnam45@gov.uk', 'RdC142AkfMJ', 'STUDENT', 'ME'),
('109ME20032', 'Amalea Baversor', '7993502435', 'abaversor44@furl.net', 'Tclge5a', 'STUDENT', 'ME'),
('109ME20033', 'Jayme Van\'t Hoff', '6677661592', 'jvant43@sogou.com', '9h8IddXbO1', 'STUDENT', 'ME'),
('109ME20034', 'Gusti Winkell', '9668678319', 'gwinkell42@gmpg.org', 'SnZYc7hjt9', 'STUDENT', 'ME'),
('109ME20035', 'Ameline Giraudo', '7292892347', 'agiraudo41@lycos.com', 'SbLHA3o8IsE7', 'STUDENT', 'ME'),
('109ME20036', 'Kimbell Anwyl', '6971101054', 'kanwyl40@webmd.com', 'gL2eKXxENLrT', 'STUDENT', 'ME'),
('109ME20037', 'Pavel Lode', '6651435588', 'plode3z@nationalgeographic.com', 'uLoJfNn', 'STUDENT', 'ME'),
('109ME20038', 'Niel Levay', '6698401673', 'nlevay3y@bbb.org', 'iJPErGH', 'STUDENT', 'ME'),
('109ME20039', 'Munroe Ohms', '7697020383', 'mohms3x@yellowbook.com', 'pxPZfx', 'STUDENT', 'ME'),
('109ME2004', 'Margery Gudgion', '7470692985', 'mgudgion4w@jimdo.com', 'n8hAitz9ZO', 'STUDENT', 'ME'),
('109ME20040', 'Thibaud Clerke', '8334850493', 'tclerke3w@discovery.com', 'n19mlta4B', 'STUDENT', 'ME'),
('109ME20041', 'Jany Stormes', '9921796488', 'jstormes3v@creativecommons.org', '5UrGTTb', 'STUDENT', 'ME'),
('109ME20042', 'Twila Knok', '6795261022', 'tknok3u@nytimes.com', 'ErZiDuC08arM', 'STUDENT', 'ME'),
('109ME20043', 'Roland Thresher', '9507487913', 'rthresher3t@earthlink.net', '5H7C3W1g0', 'STUDENT', 'ME'),
('109ME20044', 'Alister Jacketts', '9084755150', 'ajacketts3s@histats.com', 'yqalcRcp46', 'STUDENT', 'ME'),
('109ME20045', 'Bernice Torrejon', '7876873739', 'btorrejon3r@tinypic.com', 'T5lvPHF9lL', 'STUDENT', 'ME'),
('109ME20046', 'Jaime Duiguid', '6604162499', 'jduiguid3q@free.fr', 'p9udEFXdh', 'STUDENT', 'ME'),
('109ME20047', 'Jae Briscow', '9018306807', 'jbriscow3p@youtube.com', 'IKDiIT4JPNZ', 'STUDENT', 'ME'),
('109ME20048', 'Avivah Duran', '8379923336', 'aduran3o@odnoklassniki.ru', 'PIt4qszYN', 'STUDENT', 'ME'),
('109ME20049', 'Vassily Jozefowicz', '7444058889', 'vjozefowicz3n@blogger.com', 'vxPALPl', 'STUDENT', 'ME'),
('109ME2005', 'Adelaide Filintsev', '9123556246', 'afilintsev4v@ca.gov', 'jXamHJD', 'STUDENT', 'ME'),
('109ME20050', 'Hestia Bemment', '6898082956', 'hbemment3m@sogou.com', 'hEZC0fKRUlc', 'STUDENT', 'ME'),
('109ME20051', 'Gabriella Wellbelove', '6919541713', 'gwellbelove3l@goo.ne.jp', 'yRLJbYmZD', 'STUDENT', 'ME'),
('109ME20052', 'Fifine Toolan', '9600970271', 'ftoolan3k@uol.com.br', 'u8UJFsjI8n4A', 'STUDENT', 'ME'),
('109ME20053', 'Bendicty Risso', '7138406267', 'brisso3j@yahoo.co.jp', 'iBUiIJ', 'STUDENT', 'ME'),
('109ME20054', 'Ramonda Showt', '8182013303', 'rshowt3i@chron.com', 'V0ww3v', 'STUDENT', 'ME'),
('109ME20055', 'Pierson Knapp', '6999163644', 'pknapp3h@wunderground.com', 'ea1N2wz567b', 'STUDENT', 'ME'),
('109ME20056', 'Lona Limmer', '9170391739', 'llimmer3g@yellowbook.com', 'mH3EcrV', 'STUDENT', 'ME'),
('109ME20057', 'Maggy Cary', '7727660492', 'mcary3f@ask.com', '0amdmjzt', 'STUDENT', 'ME'),
('109ME20058', 'Erinn Grindall', '9200889131', 'egrindall3e@cdbaby.com', 'UsO3beY', 'STUDENT', 'ME'),
('109ME20059', 'Nataniel Ellwell', '9302146712', 'nellwell3d@telegraph.co.uk', 'XrRZtNJJ', 'STUDENT', 'ME'),
('109ME2006', 'Ashlan Piken', '7038154188', 'apiken4u@studiopress.com', 'XlNZOs0tfB', 'STUDENT', 'ME'),
('109ME20060', 'Amy Muge', '7008471650', 'amuge3c@thetimes.co.uk', '0FIPuji9a', 'STUDENT', 'ME'),
('109ME2007', 'Aylmar MacGettigen', '8930283354', 'amacgettigen4t@reference.com', 'EUVhHTX', 'STUDENT', 'ME'),
('109ME2008', 'Raynor Janes', '8558869338', 'rjanes4s@miitbeian.gov.cn', 'HmZXqf', 'STUDENT', 'ME'),
('109ME2009', 'Vidovic Blondell', '7819546641', 'vblondell4r@unicef.org', 'IhratO71HM', 'STUDENT', 'ME'),
('109ME253', 'Raff Faithorn', '7869224234', 'rfaithornc@dailymail.co.uk', 'FCQTl47HM', 'FACULTY', 'ME'),
('109ME257', 'Hestia Gillani', '8020659661', 'hgillanig@1688.com', '3FoT8pwKxGT', 'FACULTY', 'ME'),
('109ME33', 'Matthiew Eckford', '8121861494', 'meckfordd@addtoany.com', 't2zvllwl1zXl', 'FACULTY', 'ME'),
('109ME411', 'Faustina Charon', '7979014377', 'fcharonf@google.es', 'MKxSb8', 'FACULTY', 'ME'),
('109ME70', 'Inge McIlory', '7755202743', 'imciloryh@npr.org', 'DJlBjl8H', 'FACULTY', 'ME'),
('109ME9', 'Maryjane Nornable', '8779697434', 'mnornable2@booking.com', 'QYtwGzL7', 'HOD', 'ME'),
('KN4259', 'Ayub Ali', '07204479261', 'fulllkart595@gmail.com', 'admin', 'STUDENT', 'CS'),
('KN4259n', 'Ubaid Patel', ' 919148749183', 'fullkart595@gmail.com', 'uu4lt7EEQ', 'STUDENT', 'CS');

--
-- Indexes for dumped tables
--

--
-- Indexes for table `attendance`
--
ALTER TABLE `attendance`
  ADD PRIMARY KEY (`subject`,`teacher`,`student`,`present`,`date`);

--
-- Indexes for table `branch`
--
ALTER TABLE `branch`
  ADD PRIMARY KEY (`name`);

--
-- Indexes for table `iamarks`
--
ALTER TABLE `iamarks`
  ADD PRIMARY KEY (`student`,`sem`,`subject`);

--
-- Indexes for table `otps`
--
ALTER TABLE `otps`
  ADD PRIMARY KEY (`email`);

--
-- Indexes for table `students`
--
ALTER TABLE `students`
  ADD PRIMARY KEY (`regno`),
  ADD KEY `regno` (`regno`);

--
-- Indexes for table `subjectalloted`
--
ALTER TABLE `subjectalloted`
  ADD PRIMARY KEY (`sub`,`sem`,`branch`) USING BTREE,
  ADD KEY `subject foriegn` (`teacher`);

--
-- Indexes for table `subjects`
--
ALTER TABLE `subjects`
  ADD PRIMARY KEY (`code`);

--
-- Indexes for table `users`
--
ALTER TABLE `users`
  ADD PRIMARY KEY (`userid`),
  ADD UNIQUE KEY `uniq` (`mobile`);

--
-- Constraints for dumped tables
--

--
-- Constraints for table `students`
--
ALTER TABLE `students`
  ADD CONSTRAINT `students_ibfk_1` FOREIGN KEY (`regno`) REFERENCES `users` (`userid`) ON DELETE CASCADE ON UPDATE CASCADE;

--
-- Constraints for table `subjectalloted`
--
ALTER TABLE `subjectalloted`
  ADD CONSTRAINT `subject foriegn` FOREIGN KEY (`teacher`) REFERENCES `users` (`userid`) ON DELETE CASCADE ON UPDATE CASCADE;
COMMIT;

/*!40101 SET CHARACTER_SET_CLIENT=@OLD_CHARACTER_SET_CLIENT */;
/*!40101 SET CHARACTER_SET_RESULTS=@OLD_CHARACTER_SET_RESULTS */;
/*!40101 SET COLLATION_CONNECTION=@OLD_COLLATION_CONNECTION */;
